ID,Name,Email,Age,Country
1,John Doe,john.doe@example.com,28,USA
2,Jane Smith,jane.smith@example.com,34,Canada
3,Robert Brown,robert.brown@example.com,45,UK
4,Emily Davis,emily.davis@example.com,30,Australia
5,Michael Wilson,michael.wilson@example.com,27,New Zealand
6,Jessica Taylor,jessica.taylor@example.com,40,USA
7,Matthew Lee,matthew.lee@example.com,38,Canada
8,Olivia Martinez,olivia.martinez@example.com,22,UK
9,Daniel Anderson,daniel.anderson@example.com,31,Australia
10,Sophia Thomas,sophia.thomas@example.com,29,New Zealand
11,James Jackson,james.jackson@example.com,52,USA
12,Ava White,ava.white@example.com,33,Canada
13,David Harris,david.harris@example.com,44,UK
14,Isabella Clark,isabella.clark@example.com,25,Australia
15,Lucas Lewis,lucas.lewis@example.com,36,New Zealand
16,Charlotte Walker,charlotte.walker@example.com,27,USA
17,Alexander Robinson,alexander.robinson@example.com,40,Canada
18,Mia Martinez,mia.martinez@example.com,31,UK
19,Ethan Hall,ethan.hall@example.com,28,Australia
20,Amelia Young,amelia.young@example.com,35,New Zealand
21,William Allen,william.allen@example.com,43,USA
22,Harper King,harper.king@example.com,24,Canada
23,Elijah Scott,elijah.scott@example.com,29,UK
24,Abigail Wright,abigail.wright@example.com,34,Australia
25,James Miller,james.miller@example.com,41,New Zealand
26,Lucas Evans,lucas.evans@example.com,26,USA
27,Emily Wilson,emily.wilson@example.com,30,Canada
28,Logan Adams,logan.adams@example.com,33,UK
29,Chloe Johnson,chloe.johnson@example.com,29,Australia
30,Oliver Thompson,oliver.thompson@example.com,38,New Zealand
31,Samantha Taylor,samantha.taylor@example.com,37,USA
32,Henry Moore,henry.moore@example.com,42,Canada
33,Grace Lee,grace.lee@example.com,28,UK
34,Jackson Brown,jackson.brown@example.com,33,Australia
35,Victoria Jones,victoria.jones@example.com,31,New Zealand
36,Daniel Garcia,daniel.garcia@example.com,45,USA
37,Lily Martinez,lily.martinez@example.com,27,Canada
38,Matthew White,matthew.white@example.com,39,UK
39,Emma Taylor,emma.taylor@example.com,32,Australia
40,Aiden Rodriguez,aiden.rodriguez@example.com,26,New Zealand
41,Natalie Young,natalie.young@example.com,50,USA
42,Jacob Harris,jacob.harris@example.com,31,Canada
43,Olivia Davis,olivia.davis@example.com,29,UK
44,Michael Clark,michael.clark@example.com,28,Australia
45,Isabella Rodriguez,isabella.rodriguez@example.com,40,New Zealand
46,Samuel Scott,samuel.scott@example.com,37,USA
47,Aria Lewis,aria.lewis@example.com,26,Canada
48,David King,david.king@example.com,33,UK
49,Sophia Evans,sophia.evans@example.com,31,Australia
50,Ethan Thomas,ethan.thomas@example.com,42,New Zealand
51,Jackson White,jackson.white@example.com,35,USA
52,Lily Johnson,lily.johnson@example.com,24,Canada
53,Henry Adams,henry.adams@example.com,38,UK
54,Amelia Brown,amelia.brown@example.com,32,Australia
55,Logan Green,logan.green@example.com,29,New Zealand
56,Mia Walker,mia.walker@example.com,41,USA
57,James Lee,james.lee@example.com,27,Canada
58,Chloe Wright,chloe.wright@example.com,30,UK
59,Lucas Harris,lucas.harris@example.com,33,Australia
60,Grace Martinez,grace.martinez@example.com,28,New Zealand
61,William King,william.king@example.com,38,USA
62,Natalie Brown,natalie.brown@example.com,40,Canada
63,David Clark,david.clark@example.com,35,UK
64,Emma Scott,emma.scott@example.com,31,Australia
65,James Walker,james.walker@example.com,42,New Zealand
66,Olivia Lee,olivia.lee@example.com,30,USA
67,Jacob Johnson,jacob.johnson@example.com,29,Canada
68,Aria Martinez,aria.martinez@example.com,26,UK
69,Henry Robinson,henry.robinson@example.com,33,Australia
70,Charlotte Harris,charlotte.harris@example.com,31,New Zealand
71,Michael Scott,michael.scott@example.com,44,USA
72,Chloe Davis,chloe.davis@example.com,27,Canada
73,Logan Martinez,logan.martinez@example.com,35,UK
74,Aiden Walker,aiden.walker@example.com,30,Australia
75,Victoria Brown,victoria.brown@example.com,28,New Zealand
76,James White,james.white@example.com,43,USA
77,Lily Lewis,lily.lewis@example.com,26,Canada
78,Henry Adams,henry.adams@example.com,29,UK
79,Amelia King,amelia.king@example.com,31,Australia
80,Logan Scott,logan.scott@example.com,32,New Zealand
81,Natalie Walker,natalie.walker@example.com,50,USA
82,Jacob Martinez,jacob.martinez@example.com,27,Canada
83,Sophia White,sophia.white@example.com,30,UK
84,David Green,david.green@example.com,34,Australia
85,Aria Davis,aria.davis@example.com,29,New Zealand
86,Matthew Walker,matthew.walker@example.com,38,USA
87,Grace Johnson,grace.johnson@example.com,26,Canada
88,Emma Martinez,emma.martinez@example.com,32,UK
89,Michael Thomas,michael.thomas@example.com,35,Australia
90,Lily Robinson,lily.robinson@example.com,28,New Zealand
91,Jacob White,jacob.white@example.com,40,USA
92,Chloe Scott,chloe.scott@example.com,33,Canada
93,Henry Brown,henry.brown@example.com,31,UK
94,Samantha Harris,samantha.harris@example.com,29,Australia
95,Victoria Lee,victoria.lee@example.com,28,New Zealand
96,James King,james.king@example.com,34,USA
97,Olivia Thomas,olivia.thomas@example.com,30,Canada
98,Lucas Robinson,lucas.robinson@example.com,27,UK
99,Amelia White,amelia.white@example.com,32,Australia
100,Michael Davis,michael.davis@example.com,28,New Zealand
